category,currency,id,name,price,unit,url
мобильные стенды,руб.,1,Roll up 85х200 см Y каплевидн.,7947.10,шт,https://www.remex.ru/component/virtuemart/roll-up-deluxe-detail
мобильные стенды,руб.,2,"Прямоугольная рама для штендера 1,20х0,6 м",1870.00,шт,https://www.remex.ru/component/virtuemart/ramy-dlya-shtenderov-detail
мобильные стенды,руб.,3,"Арочная рама для штендера 1,3х0,6 м",1870.00,шт,https://www.remex.ru/component/virtuemart/ramy-dlya-shtenderov-detail
мобильные стенды,руб.,4,"Поле из оцинк. стали для штенд 1,2х0,6; 1,3х0,6 м",1360.00,шт,https://www.remex.ru/component/virtuemart/ramy-dlya-shtenderov-detail
мобильные стенды,руб.,5,Roll up 85х200 см Y усиленный,2711.42,шт,https://www.remex.ru/component/virtuemart/rollup-detail
мобильные стенды,руб.,6,Roll up 100х200 см Y усиленный,3124.29,шт,https://www.remex.ru/component/virtuemart/rollup-detail
мобильные стенды,руб.,7,Roll up 120х200 см Y усиленный,3973.55,шт,https://www.remex.ru/component/virtuemart/rollup-detail
мобильные стенды,руб.,8,Roll up 150х200 см Y усиленный,4701.48,шт,https://www.remex.ru/component/virtuemart/rollup-detail
мобильные стенды,руб.,9,"Х-баннер Y 60х160 см сталь, углепласт.",1027.01,шт,https://www.remex.ru/component/virtuemart/xbanner-113-detail
мобильные стенды,руб.,10,"Х-баннер Y 80х180 см сталь, углепласт.",1081.56,шт,https://www.remex.ru/component/virtuemart/xbanner-113-detail
мобильные стенды,руб.,11,Х-баннер Y 80х180 см углепласт.,723.23,шт,https://www.remex.ru/component/virtuemart/xbanner-113-206-detail
светодиоды,руб.,12,"LBY 2д белый 2835 0,32W 20lm ZE02QAB",15.99,шт,https://www.remex.ru/component/virtuemart/lby-2-diodnyj-belyj-2835-0-2c32w-sf-detail
баннер,руб.,13,"Баннер REXPRINT Blackback 450 лит (4,2; 5,1 х 50 м)",192.80,м,https://www.remex.ru/component/virtuemart/pvkh-bannernaya-tkan-blekbek-detail
баннер,руб.,14,"Баннер REXPRINT Blackback 450 лит  (от 1,6 до 3,2 х 50 м)",177.75,м,https://www.remex.ru/component/virtuemart/pvkh-bannernaya-tkan-blekbek-detail
баннер,руб.,15,"Баннер REXPRINT DP Blackback 450 лит (от 1,6 до 3,2 х 50 м)",159.88,м,https://www.remex.ru/component/virtuemart/pvkh-bannernaya-tkan-blekbek-detail
баннер,руб.,16,"Холст д/печати полусинтет. 360 (1,07; 1,27 х 18 м)",475.89,м,https://www.remex.ru/component/virtuemart/khlopkovyj-kholst-dlya-pechati-detail
баннер,руб.,17,"Холст д/печати синтет. 260 (1,07; 1,27 х 18 м)",299.07,м,https://www.remex.ru/component/virtuemart/khlopkovyj-kholst-dlya-pechati-detail
баннер,руб.,18,"Холст д/печати хлопк. глянец 380 (1,07; 1,27 х 18 м)",570.87,м,https://www.remex.ru/component/virtuemart/khlopkovyj-kholst-dlya-pechati-detail
баннер,руб.,19,"Холст д/печати хлопк. мат. 380 (1,07; 1,27 х 18 м)",570.87,м,https://www.remex.ru/component/virtuemart/khlopkovyj-kholst-dlya-pechati-detail
Клейкие ленты,руб.,20,Двуст.лента ORABOND (ORAMOUNT) 1840 12 мм х 66 м,1241.81,шт,https://www.remex.ru/component/virtuemart/dvustoronnij-skotch-oramount-1840-orafol-detail
Клей,руб.,21,12х20 сталь (цвет сереб.) n,73.00,шт,https://www.remex.ru/component/virtuemart/dekorativnye-metallicheskie-distantsionnye-derzhateli-detail
Клей,руб.,22,12х25 сталь (цвет сереб.) n,73.00,шт,https://www.remex.ru/component/virtuemart/dekorativnye-metallicheskie-distantsionnye-derzhateli-detail
Клей,руб.,23,12х30 сталь (цвет сереб.) а,73.00,шт,https://www.remex.ru/component/virtuemart/dekorativnye-metallicheskie-distantsionnye-derzhateli-detail
Клей,руб.,24,12х30 сталь (цвет сереб.) n,73.00,шт,https://www.remex.ru/component/virtuemart/dekorativnye-metallicheskie-distantsionnye-derzhateli-detail
Клей,руб.,25,16х25 сталь (цвет сереб.) n,92.00,шт,https://www.remex.ru/component/virtuemart/dekorativnye-metallicheskie-distantsionnye-derzhateli-detail
Клей,руб.,26,16х30 сталь (цвет сереб.) n,92.00,шт,https://www.remex.ru/component/virtuemart/dekorativnye-metallicheskie-distantsionnye-derzhateli-detail
Клей,руб.,27,16х30 сталь (цвет никель) n,71.00,шт,https://www.remex.ru/component/virtuemart/dekorativnye-metallicheskie-distantsionnye-derzhateli-detail
Клей,руб.,28,12х25 сталь (цвет сереб.),52.67,шт,https://www.remex.ru/component/virtuemart/dekorativnye-metallicheskie-distantsionnye-derzhateli-detail
Клей,руб.,29,16х20 сталь (цвет сереб.),74.30,шт,https://www.remex.ru/component/virtuemart/dekorativnye-metallicheskie-distantsionnye-derzhateli-detail
Клей,руб.,30,16х25 сталь (цвет сереб.),74.30,шт,https://www.remex.ru/component/virtuemart/dekorativnye-metallicheskie-distantsionnye-derzhateli-detail
Клей,руб.,31,19х25 сталь (цвет никель),62.07,шт,https://www.remex.ru/component/virtuemart/dekorativnye-metallicheskie-distantsionnye-derzhateli-detail
Клей,руб.,32,Космофен СА-12 (Cosmo CA-500.200) 20 гр.,259.73,шт,https://www.remex.ru/component/virtuemart/cosmofen-ca-12-detail
Клей,руб.,33,Космофен СА-12 (Cosmo CA-500.200) 50 гр.,610.61,шт,https://www.remex.ru/component/virtuemart/cosmofen-ca-12-detail
баннер,руб.,34,"Баннер REXPRINT DP 510 лит 1000х1000 20х20 (3,2 х 50 м)",171.17,м,https://www.remex.ru/component/virtuemart/bannernaya-tkan-frontlit-rexprint-2c-kitaj-26-detail
баннер,руб.,35,"Баннер REXPRINT 400 лит 1000х1000 18х13 (от 1,1 до 3,2 х 50 м)",140.13,м,https://www.remex.ru/component/virtuemart/bannernaya-tkan-frontlit-rexprint-2c-kitaj-26-detail
баннер,руб.,36,"Баннер REXPRINT DP 450 лит 1000х1000 18х18 (от 1,1 до 3,2 х 50",150.48,м,https://www.remex.ru/component/virtuemart/bannernaya-tkan-frontlit-rexprint-2c-kitaj-26-detail
баннер,руб.,37,"Баннер REXPRINT DP 400 лит 1000х1000 18х13 (от 1,1 до 3,2 х 50",140.13,м,https://www.remex.ru/component/virtuemart/bannernaya-tkan-frontlit-rexprint-2c-kitaj-26-detail
баннер,руб.,38,"Баннер REXPRINT 450 лит 1000х1000 18х18 (от 1,1 до 3,2 х 50 м)",154.24,м,https://www.remex.ru/component/virtuemart/bannernaya-tkan-frontlit-rexprint-2c-kitaj-26-detail
баннер,руб.,39,"Баннер REXPRINT 450 лит 1000х1000 18х18 (4,2; 5,1 х 50 м)",168.35,м,https://www.remex.ru/component/virtuemart/bannernaya-tkan-frontlit-rexprint-2c-kitaj-26-detail
баннер,руб.,40,"Баннер REXPRINT 510 лит 1000х1000 20х20 (3,2 х 50 м)",173.05,м,https://www.remex.ru/component/virtuemart/bannernaya-tkan-frontlit-rexprint-2c-kitaj-26-detail
Клейкие ленты,руб.,41,STOKVIS 6ммх33м 1мм прозр.,1156.80,шт,https://www.remex.ru/component/virtuemart/stokvis-germaniya-dvustoronnyaya-lenta-prozrachnaya-detail
Клейкие ленты,руб.,42,STOKVIS 12ммх33м 1мм прозр.,2313.59,шт,https://www.remex.ru/component/virtuemart/stokvis-germaniya-dvustoronnyaya-lenta-prozrachnaya-detail
Клейкие ленты,руб.,43,ORABOND 6ммх25м 1811 белый двуст.,253.85,шт,https://www.remex.ru/component/virtuemart/dvustoronnij-skotch-oramount-1811-orafol-detail
Клейкие ленты,руб.,44,ORABOND 6ммх50м 1811 белый двуст.,482.32,шт,https://www.remex.ru/component/virtuemart/dvustoronnij-skotch-oramount-1811-orafol-detail
Клейкие ленты,руб.,45,ORABOND 12ммх10м 1811 белый двуст.,203.08,шт,https://www.remex.ru/component/virtuemart/dvustoronnij-skotch-oramount-1811-orafol-detail
Клейкие ленты,руб.,46,ORABOND 15ммх10м 1811 белый двуст.,253.85,шт,https://www.remex.ru/component/virtuemart/dvustoronnij-skotch-oramount-1811-orafol-detail
Клейкие ленты,руб.,47,ORABOND 19ммх50м 1811 белый двуст.,1446.95,шт,https://www.remex.ru/component/virtuemart/dvustoronnij-skotch-oramount-1811-orafol-detail
Клейкие ленты,руб.,48,ORABOND 25ммх50м 1811 белый двуст.,1903.88,шт,https://www.remex.ru/component/virtuemart/dvustoronnij-skotch-oramount-1811-orafol-detail
пленка,руб.,49,"Пленка ORAJET 3551/3591/3550 (1,37; 1,52 х 50 м)",662.56,м,https://www.remex.ru/component/virtuemart/orajet-3551-detail
пленка,руб.,50,"Пленка ORAJET 3551RA/3591RA (1,37; 1,52 х 50 м)",766.45,м,https://www.remex.ru/component/virtuemart/orajet-3551-detail
пленка,руб.,51,"Пленка ПВХ для мела (1,22 м) матовая",848.90,пог. м,https://www.remex.ru/component/virtuemart/mel-detail
"листовые, пластики",руб.,52,Оргстекло ACRYMA XT 3050х2050х10 мм прозр.,38334.00,л.,https://www.remex.ru/component/virtuemart/ekstruzionnoe-orgsteklo-acryma-72-xt-detail
"листовые, пластики",руб.,53,Оргстекло ACRYMA XT 3050х2050х4 мм молочный,17911.00,л.,https://www.remex.ru/component/virtuemart/ekstruzionnoe-orgsteklo-acryma-72-xt-detail
"листовые, пластики",руб.,54,"Оргстекло ACRYMA XT 3050х2050х1,5 мм прозр.",6294.00,л.,https://www.remex.ru/component/virtuemart/ekstruzionnoe-orgsteklo-acryma-72-xt-detail
"листовые, пластики",руб.,55,Оргстекло ACRYMA XT 3050х2050х5 мм прозр.,19168.00,л.,https://www.remex.ru/component/virtuemart/ekstruzionnoe-orgsteklo-acryma-72-xt-detail
"листовые, пластики",руб.,56,Оргстекло ACRYMA XT 3050х2050х2 мм прозр.,7874.00,л.,https://www.remex.ru/component/virtuemart/ekstruzionnoe-orgsteklo-acryma-72-xt-detail
"листовые, пластики",руб.,57,Оргстекло ACRYMA XT 3050х2050х8 мм прозр.,30653.00,л.,https://www.remex.ru/component/virtuemart/ekstruzionnoe-orgsteklo-acryma-72-xt-detail
"листовые, пластики",руб.,58,Оргстекло ACRYMA XT 3050х2050х3 мм прозр.,11493.00,л.,https://www.remex.ru/component/virtuemart/ekstruzionnoe-orgsteklo-acryma-72-xt-detail
"листовые, пластики",руб.,59,Оргстекло ACRYMA XT 3050х2050х4 мм прозр.,15356.00,л.,https://www.remex.ru/component/virtuemart/ekstruzionnoe-orgsteklo-acryma-72-xt-detail
"листовые, пластики",руб.,60,Оргстекло ACRYMA XT 3050х2050х2 мм молочный,8956.00,л.,https://www.remex.ru/component/virtuemart/ekstruzionnoe-orgsteklo-acryma-72-xt-detail
"листовые, пластики",руб.,61,Оргстекло ACRYMA XT 3050х2050х6 мм прозр.,22978.00,л.,https://www.remex.ru/component/virtuemart/ekstruzionnoe-orgsteklo-acryma-72-xt-detail
"листовые, пластики",руб.,62,Оргстекло ACRYMA XT 3050х2050х3 мм молочный,12429.00,л.,https://www.remex.ru/component/virtuemart/ekstruzionnoe-orgsteklo-acryma-72-xt-detail
"листовые, пластики",руб.,63,ПВХ белый UNEXT 3050х1560х1 мм STRONG,1687.00,л.,https://www.remex.ru/component/virtuemart/listovoj-pvkh-unext-strong-detail
"листовые, пластики",руб.,64,ПВХ белый UNEXT 3050х1560х2 мм STRONG,2737.00,л.,https://www.remex.ru/component/virtuemart/listovoj-pvkh-unext-strong-detail
"листовые, пластики",руб.,65,ПВХ белый UNEXT 3050х1560х3 мм STRONG,3658.00,л.,https://www.remex.ru/component/virtuemart/listovoj-pvkh-unext-strong-detail
"листовые, пластики",руб.,66,ПВХ белый UNEXT 3050х1560х4 мм STRONG,4882.00,л.,https://www.remex.ru/component/virtuemart/listovoj-pvkh-unext-strong-detail
"листовые, пластики",руб.,67,ПВХ белый UNEXT 3050х1560х5 мм STRONG,5822.00,л.,https://www.remex.ru/component/virtuemart/listovoj-pvkh-unext-strong-detail
"листовые, пластики",руб.,68,ПВХ белый UNEXT 3050х1560х6 мм STRONG,7086.00,л.,https://www.remex.ru/component/virtuemart/listovoj-pvkh-unext-strong-detail
"листовые, пластики",руб.,69,ПВХ белый UNEXT 3050х1560х8 мм STRONG,9872.00,л.,https://www.remex.ru/component/virtuemart/listovoj-pvkh-unext-strong-detail
"листовые, пластики",руб.,70,ПВХ белый UNEXT 3050х1560х10 мм STRONG,12309.00,л.,https://www.remex.ru/component/virtuemart/listovoj-pvkh-unext-strong-detail
"листовые, пластики",руб.,71,ПВХ белый UNEXT 3050х2030х2 мм STRONG,3505.00,л.,https://www.remex.ru/component/virtuemart/listovoj-pvkh-unext-strong-detail
"листовые, пластики",руб.,72,ПВХ белый UNEXT 3050х2030х3 мм STRONG,4744.00,л.,https://www.remex.ru/component/virtuemart/listovoj-pvkh-unext-strong-detail
"листовые, пластики",руб.,73,ПВХ белый UNEXT 3050х2030х4 мм STRONG,6344.00,л.,https://www.remex.ru/component/virtuemart/listovoj-pvkh-unext-strong-detail
"листовые, пластики",руб.,74,ПВХ белый UNEXT 3050х2030х5 мм STRONG,7570.00,л.,https://www.remex.ru/component/virtuemart/listovoj-pvkh-unext-strong-detail
"листовые, пластики",руб.,75,ПВХ белый UNEXT 3050х2030х6 мм STRONG,9236.00,л.,https://www.remex.ru/component/virtuemart/listovoj-pvkh-unext-strong-detail
"листовые, пластики",руб.,76,ПВХ белый UNEXT 3050х2030х8 мм STRONG,12887.00,л.,https://www.remex.ru/component/virtuemart/listovoj-pvkh-unext-strong-detail
"листовые, пластики",руб.,77,ПВХ белый UNEXT 3050х2030х10 мм STRONG,16015.00,л.,https://www.remex.ru/component/virtuemart/listovoj-pvkh-unext-strong-detail
"листовые, пластики",руб.,78,3000х2000х3 молочный 30% REXGLASS CH 425 XT,11567.97,л.,https://www.remex.ru/component/virtuemart/ekstruzionnoe-orgsteklo-rexglass-xt-kitaj-detail
"листовые, пластики",руб.,79,3000х2000х3 черный CH 502 REXGLASS XT,16467.89,л.,https://www.remex.ru/component/virtuemart/ekstruzionnoe-orgsteklo-rexglass-xt-kitaj-detail
"листовые, пластики",руб.,80,3000х2000х3 красный CH 136 REXGLASS XT,16467.89,л.,https://www.remex.ru/component/virtuemart/ekstruzionnoe-orgsteklo-rexglass-xt-kitaj-detail
"листовые, пластики",руб.,81,3000х2000х3 синий CH 327Е REXGLASS XT,16467.89,л.,https://www.remex.ru/component/virtuemart/ekstruzionnoe-orgsteklo-rexglass-xt-kitaj-detail
"листовые, пластики",руб.,82,3000х2000х3 оранжевый CH 266 REXGLASS XT,16467.89,л.,https://www.remex.ru/component/virtuemart/ekstruzionnoe-orgsteklo-rexglass-xt-kitaj-detail
"листовые, пластики",руб.,83,3000х2000х3 зеленый CH 347 REXGLASS XT,16467.89,л.,https://www.remex.ru/component/virtuemart/ekstruzionnoe-orgsteklo-rexglass-xt-kitaj-detail
"листовые, пластики",руб.,84,3000х2000х3 желтый CH 235 REXGLASS XT,16467.89,л.,https://www.remex.ru/component/virtuemart/ekstruzionnoe-orgsteklo-rexglass-xt-kitaj-detail
"листовые, пластики",руб.,85,Оргстекло PLEXISTEK XT 3050х2050х2 мм молочный 45%,10086.00,л.,https://www.remex.ru/component/virtuemart/ekstruzionnoe-orgsteklo-plexiglas-xt-detail
"листовые, пластики",руб.,86,Оргстекло PLEXISTEK XT 3050х2050х3 мм молочный 30%,14429.00,л.,https://www.remex.ru/component/virtuemart/ekstruzionnoe-orgsteklo-plexiglas-xt-detail
"листовые, пластики",руб.,87,"Оргстекло PLEXISTEK XT 3050х2050х4 мм молочный 22,5%",19233.00,л.,https://www.remex.ru/component/virtuemart/ekstruzionnoe-orgsteklo-plexiglas-xt-detail
"листовые, пластики",руб.,88,Оргстекло PLEXISTEK XT 3050х2050х5 мм молочный 18%,24046.00,л.,https://www.remex.ru/component/virtuemart/ekstruzionnoe-orgsteklo-plexiglas-xt-detail
"листовые, пластики",руб.,89,Оргстекло PLEXISTEK XT 3050х2050х6 мм молочный 15%,28854.00,л.,https://www.remex.ru/component/virtuemart/ekstruzionnoe-orgsteklo-plexiglas-xt-detail
"листовые, пластики",руб.,90,Оргстекло PLEXISTEK XT 3050х2050х8 мм молочный 12%,38472.00,л.,https://www.remex.ru/component/virtuemart/ekstruzionnoe-orgsteklo-plexiglas-xt-detail
"листовые, пластики",руб.,91,Оргстекло PLEXISTEK XT 3050х2050х10 мм молочный 10%,48106.00,л.,https://www.remex.ru/component/virtuemart/ekstruzionnoe-orgsteklo-plexiglas-xt-detail
"листовые, пластики",руб.,92,Оргстекло PLEXISTEK XT 3050х2050х2 мм прозр.,8535.00,л.,https://www.remex.ru/component/virtuemart/ekstruzionnoe-orgsteklo-plexiglas-xt-detail
"листовые, пластики",руб.,93,Оргстекло PLEXISTEK XT 3050х2050х3 мм проз.,12551.00,л.,https://www.remex.ru/component/virtuemart/ekstruzionnoe-orgsteklo-plexiglas-xt-detail
"листовые, пластики",руб.,94,Оргстекло PLEXISTEK XT 3050х2050х4 мм прозр.,16729.00,л.,https://www.remex.ru/component/virtuemart/ekstruzionnoe-orgsteklo-plexiglas-xt-detail
"листовые, пластики",руб.,95,Оргстекло PLEXISTEK XT 3050х2050х5 мм прозр.,20908.00,л.,https://www.remex.ru/component/virtuemart/ekstruzionnoe-orgsteklo-plexiglas-xt-detail
"листовые, пластики",руб.,96,Оргстекло PLEXISTEK XT 3050х2050х6 мм прозр.,25100.00,л.,https://www.remex.ru/component/virtuemart/ekstruzionnoe-orgsteklo-plexiglas-xt-detail
"листовые, пластики",руб.,97,Оргстекло PLEXISTEK XT 3050х2050х8 мм прозр.,33453.00,л.,https://www.remex.ru/component/virtuemart/ekstruzionnoe-orgsteklo-plexiglas-xt-detail
"листовые, пластики",руб.,98,Оргстекло PLEXISTEK XT 3050х2050х10 мм прозр.,41830.00,л.,https://www.remex.ru/component/virtuemart/ekstruzionnoe-orgsteklo-plexiglas-xt-detail
"листовые, пластики",руб.,99,Оргстекло PLEXISTEK XT 3050х2050х15 мм прозр.,66322.00,л.,https://www.remex.ru/component/virtuemart/ekstruzionnoe-orgsteklo-plexiglas-xt-detail
"листовые, пластики",руб.,100,ПВХ белый REXPLAST 3050x2050x3 мм Light,3079.15,л.,https://www.remex.ru/component/virtuemart/rexplast-light-detail
"листовые, пластики",руб.,101,ПВХ белый REXPLAST 3050x2050x4 мм Light,4108.98,л.,https://www.remex.ru/component/virtuemart/rexplast-light-detail
"листовые, пластики",руб.,102,ПВХ белый REXPLAST 3050x2050x5 мм Light,4644.11,л.,https://www.remex.ru/component/virtuemart/rexplast-light-detail
"листовые, пластики",руб.,103,ПВХ белый REXPLAST 3050x2050x6 мм Light,5411.55,л.,https://www.remex.ru/component/virtuemart/rexplast-light-detail
"листовые, пластики",руб.,104,ПВХ белый REXPLAST 3050x2050x8 мм Light,7293.46,л.,https://www.remex.ru/component/virtuemart/rexplast-light-detail
"листовые, пластики",руб.,105,ПВХ белый REXPLAST 3050x2050x10 мм Light,8931.79,л.,https://www.remex.ru/component/virtuemart/rexplast-light-detail
"листовые, пластики",руб.,106,"3050х2050х1,5 прозр. NOVATTRO М",5528.74,л.,https://www.remex.ru/component/virtuemart/monolitnyj-polikarbonat-detail
"листовые, пластики",руб.,107,3050х2050х2 прозр. NOVATTRO M,7161.91,л.,https://www.remex.ru/component/virtuemart/monolitnyj-polikarbonat-detail
"листовые, пластики",руб.,108,3050х2050х3 прозр. NOVATTRO M,10605.00,л.,https://www.remex.ru/component/virtuemart/monolitnyj-polikarbonat-detail
"листовые, пластики",руб.,109,3050х2050х4 прозр. NOVATTRO M,14140.00,л.,https://www.remex.ru/component/virtuemart/monolitnyj-polikarbonat-detail
"листовые, пластики",руб.,110,3050х2050х5 прозр. NOVATTRO M,17675.00,л.,https://www.remex.ru/component/virtuemart/monolitnyj-polikarbonat-detail
"листовые, пластики",руб.,111,3050х2050х6 прозр. NOVATTRO M,21210.00,л.,https://www.remex.ru/component/virtuemart/monolitnyj-polikarbonat-detail
"листовые, пластики",руб.,112,3050х2050х8 прозр. NOVATTRO M,28280.00,л.,https://www.remex.ru/component/virtuemart/monolitnyj-polikarbonat-detail
"листовые, пластики",руб.,113,3050х2050х10 прозр. NOVATTRO M,35350.00,л.,https://www.remex.ru/component/virtuemart/monolitnyj-polikarbonat-detail
"листовые, пластики",руб.,114,3050х2050х3 молочный 24% NOVATTRO M,11280.00,л.,https://www.remex.ru/component/virtuemart/monolitnyj-polikarbonat-detail
"листовые, пластики",руб.,115,3050х2050х4 молочный 24% NOVATTRO M,15040.00,л.,https://www.remex.ru/component/virtuemart/monolitnyj-polikarbonat-detail
"листовые, пластики",руб.,116,Поликарб. сот NOVATTRO 12000х2100х4 мм белый 19%,10223.00,л.,https://www.remex.ru/component/virtuemart/sotovyj-polikarbonat-detail
"листовые, пластики",руб.,117,Поликарб. сот NOVATTRO 12000х2100х4 мм прозр.,9736.00,л.,https://www.remex.ru/component/virtuemart/sotovyj-polikarbonat-detail
"листовые, пластики",руб.,118,Поликарб. сот NOVATTRO 12000х2100х6 мм белый 19%,16356.00,л.,https://www.remex.ru/component/virtuemart/sotovyj-polikarbonat-detail
"листовые, пластики",руб.,119,Поликарб. сот NOVATTRO 12000х2100х6 мм прозр.,15577.00,л.,https://www.remex.ru/component/virtuemart/sotovyj-polikarbonat-detail
"листовые, пластики",руб.,120,"1200х600х1,3 мм ABS зерк.сер. 862",1999.47,л.,https://www.remex.ru/component/virtuemart/plastik-dlya-gravirovki-abs-detail
"листовые, пластики",руб.,121,"1200х600х1,3 мм ABS зерк.зол. 887",1999.47,л.,https://www.remex.ru/component/virtuemart/plastik-dlya-gravirovki-abs-detail
"листовые, пластики",руб.,122,"1200х600х1,3 мм ABS мат.сер. 847",1799.52,л.,https://www.remex.ru/component/virtuemart/plastik-dlya-gravirovki-abs-detail
"листовые, пластики",руб.,123,"1200х600х1,3 мм ABS царап.сер. 853",1999.47,л.,https://www.remex.ru/component/virtuemart/plastik-dlya-gravirovki-abs-detail
"листовые, пластики",руб.,124,"1200х600х1,3 мм ABS царап.зол. 855",1999.47,л.,https://www.remex.ru/component/virtuemart/plastik-dlya-gravirovki-abs-detail
"листовые, пластики",руб.,125,Вспенный полистирол 1400х1000х5 POLYFOAM,704.00,л.,https://www.remex.ru/component/virtuemart/vspenenyj-polistirol-polyfoam-detail
"листовые, пластики",руб.,126,2000х1000х1 мм серебро CH,2560.47,л.,https://www.remex.ru/component/virtuemart/zerkalnyj-polistirol-ch-detail
"листовые, пластики",руб.,127,2000х1000х1 мм золото CH,2560.47,л.,https://www.remex.ru/component/virtuemart/zerkalnyj-polistirol-ch-detail
"листовые, пластики",руб.,128,2000х1000х2 мм серебро CH,3840.71,л.,https://www.remex.ru/component/virtuemart/zerkalnyj-polistirol-ch-detail
"листовые, пластики",руб.,129,2000х1000х2 мм золото CH,3840.71,л.,https://www.remex.ru/component/virtuemart/zerkalnyj-polistirol-ch-detail
"листовые, пластики",руб.,130,Пенокартон 1400х1000х3 мм ARTFOAM,717.59,л.,https://www.remex.ru/component/virtuemart/artfoam-koreya-detail
"листовые, пластики",руб.,131,Пенокартон 1400х1000х5 мм ARTFOAM,800.35,л.,https://www.remex.ru/component/virtuemart/artfoam-koreya-detail
"листовые, пластики",руб.,132,Пенокартон 1400х1000х5 мм ARTFOAM черный,1061.81,л.,https://www.remex.ru/component/virtuemart/artfoam-koreya-detail
"листовые, пластики",руб.,133,Пенокартон 1400х1000х5 мм ARTFOAM клеевой слой,1340.19,л.,https://www.remex.ru/component/virtuemart/artfoam-koreya-detail
"листовые, пластики",руб.,134,Пенокартон 1400х1000х10 мм ARTFOAM,1279.06,л.,https://www.remex.ru/component/virtuemart/artfoam-koreya-detail
"листовые, пластики",руб.,135,Пенокартон 1400х3000х5 мм ARTFOAM,2587.27,л.,https://www.remex.ru/component/virtuemart/artfoam-koreya-detail
"листовые, пластики",руб.,136,Полистирол GEBAU 3000х2000х2 мм опал светор. 141,5364.00,л.,https://www.remex.ru/component/virtuemart/udaroprochnyj-polistirol-gebau-detail
"листовые, пластики",руб.,137,Полистирол GEBAU 3000х2000х2 мм белый 5001/9003,5144.00,л.,https://www.remex.ru/component/virtuemart/udaroprochnyj-polistirol-gebau-detail
"листовые, пластики",руб.,138,"3000х2000х1 5001/9003 белый ""GEBAU""",2674.88,л.,https://www.remex.ru/component/virtuemart/udaroprochnyj-polistirol-gebau-detail
"листовые, пластики",руб.,139,Полистирол GEBAU 3000х2000х2 мм черный 640,5144.00,л.,https://www.remex.ru/component/virtuemart/udaroprochnyj-polistirol-gebau-detail
"листовые, пластики",руб.,140,"3000х2000х1 640 черный ""GEBAU""",2674.88,л.,https://www.remex.ru/component/virtuemart/udaroprochnyj-polistirol-gebau-detail
"листовые, пластики",руб.,141,Полистирол GEBAU 3000x2000x2 мм цветной,5732.00,л.,https://www.remex.ru/component/virtuemart/udaroprochnyj-polistirol-gebau-detail
"листовые, пластики",руб.,142,Пенокартон 1400х3000х10 мм ARTFOAM,4247.23,л.,https://www.remex.ru/component/virtuemart/artfoam-koreya-detail
"листовые, пластики",руб.,143,Полистирол GEBAU 3000х2000х3 мм опал светор. 141,8046.00,л.,https://www.remex.ru/component/virtuemart/udaroprochnyj-polistirol-gebau-detail
"листовые, пластики",руб.,144,Полистирол GEBAU 3000х2000х3 мм белый 5001/9003,7715.00,л.,https://www.remex.ru/component/virtuemart/udaroprochnyj-polistirol-gebau-detail
"листовые, пластики",руб.,145,Полистирол GEBAU 3000х2000х3 мм черный 640,7715.00,л.,https://www.remex.ru/component/virtuemart/udaroprochnyj-polistirol-gebau-detail
"листовые, пластики",руб.,146,Полистирол GEBAU 3000x2000x3 мм цветной,8599.00,л.,https://www.remex.ru/component/virtuemart/udaroprochnyj-polistirol-gebau-detail
"листовые, пластики",руб.,147,Полистирол GEBAU 3000х2000х4 мм опал светор. 141,10729.00,л.,https://www.remex.ru/component/virtuemart/udaroprochnyj-polistirol-gebau-detail
"листовые, пластики",руб.,148,Полистирол GEBAU 3000х2000х4 белый мм 5001/9003,10288.00,л.,https://www.remex.ru/component/virtuemart/udaroprochnyj-polistirol-gebau-detail
"листовые, пластики",руб.,149,Полистирол GEBAU 3000х2000х4 мм черный 640,10288.00,л.,https://www.remex.ru/component/virtuemart/udaroprochnyj-polistirol-gebau-detail
"листовые, пластики",руб.,150,Полистирол GEBAU 3000x2000x4 мм цветной,11465.00,л.,https://www.remex.ru/component/virtuemart/udaroprochnyj-polistirol-gebau-detail
"листовые, пластики",руб.,151,Полистирол GEBAU 3000х2000х5 белый мм 5001/9003,12860.00,л.,https://www.remex.ru/component/virtuemart/udaroprochnyj-polistirol-gebau-detail
"листовые, пластики",руб.,152,Полистирол GEBAU 3000х2000х6 белый мм 5001/9003,15432.00,л.,https://www.remex.ru/component/virtuemart/udaroprochnyj-polistirol-gebau-detail
"листовые, пластики",руб.,153,Полистирол зерк. GEBAU 2000х1000х1 мм (серебро),3167.00,л.,https://www.remex.ru/component/virtuemart/zerkalnyj-polistirol-gebau-detail
"листовые, пластики",руб.,154,Полистирол зерк. GEBAU 2000х1000х1 мм (золото),3809.00,л.,https://www.remex.ru/component/virtuemart/zerkalnyj-polistirol-gebau-detail
"листовые, пластики",руб.,155,Полистирол зерк. GEBAU 2000х1000х2 мм (серебро),4516.00,л.,https://www.remex.ru/component/virtuemart/zerkalnyj-polistirol-gebau-detail
"листовые, пластики",руб.,156,Полистирол зерк. GEBAU 2000х1000х2 мм (золото),5697.00,л.,https://www.remex.ru/component/virtuemart/zerkalnyj-polistirol-gebau-detail
"листовые, пластики",руб.,157,3050х2050х2 опал светор. PS NOVATTRO 2UV,5969.00,л.,https://www.remex.ru/component/virtuemart/polistirol-novattro-ulichnyj-detail
"листовые, пластики",руб.,158,3050х2050х3 опал светор. PS NOVATTRO 2UV,8953.50,л.,https://www.remex.ru/component/virtuemart/polistirol-novattro-ulichnyj-detail
"листовые, пластики",руб.,159,3050х2050х2 опал светор. PS NOVATTRO 2UV У,4820.00,л.,https://www.remex.ru/component/virtuemart/polistirol-novattro-ulichnyj-detail
"листовые, пластики",руб.,160,3050х2050х2 прозр. PS NOVATTRO,4925.00,л.,https://www.remex.ru/component/virtuemart/prrozrachnyj-polistirol-novattro-detail
"листовые, пластики",руб.,161,3050х2050х3 прозр. PS NOVATTRO,7387.50,л.,https://www.remex.ru/component/virtuemart/prrozrachnyj-polistirol-novattro-detail
"листовые, пластики",руб.,162,3050х2050х4 прозр. PS NOVATTRO,9850.00,л.,https://www.remex.ru/component/virtuemart/prrozrachnyj-polistirol-novattro-detail
"листовые, пластики",руб.,163,"ПЭТ-А ""GEBAU"" 2050х1250х0,3 мм прозр.",329.00,л.,https://www.remex.ru/component/virtuemart/novattro-pet-a-detail
"листовые, пластики",руб.,164,"ПЭТ-А ""GEBAU"" 2050х1250х0,5 мм прозр.",506.00,л.,https://www.remex.ru/component/virtuemart/novattro-pet-a-detail
"листовые, пластики",руб.,165,"ПЭТ-А ""GEBAU"" 2050х1250х0,7 мм прозр.",708.40,л.,https://www.remex.ru/component/virtuemart/novattro-pet-a-detail
"листовые, пластики",руб.,166,"ПЭТ-А ""GEBAU"" 2050х1250х1 мм прозр.",1012.00,л.,https://www.remex.ru/component/virtuemart/novattro-pet-a-detail
"листовые, пластики",руб.,167,"ПЭТ-А ""GEBAU"" 2050х1250х1,5 мм прозр.",1518.00,л.,https://www.remex.ru/component/virtuemart/novattro-pet-a-detail
"листовые, пластики",руб.,168,"ПЭТ-А ""GEBAU"" 2050х1250х2 мм прозр.",2024.00,л.,https://www.remex.ru/component/virtuemart/novattro-pet-a-detail
"листовые, пластики",руб.,169,"ПЭТ-А ""GEBAU"" 2050х3050х1 мм прозр.",2469.28,л.,https://www.remex.ru/component/virtuemart/novattro-pet-a-detail
"листовые, пластики",руб.,170,"ПЭТ-А ""GEBAU"" 2050х3050х1,5 мм прозр.",3703.92,л.,https://www.remex.ru/component/virtuemart/novattro-pet-a-detail
"листовые, пластики",руб.,171,"ПЭТ-А ""GEBAU"" 2050х3050х2 мм прозр.",4938.56,л.,https://www.remex.ru/component/virtuemart/novattro-pet-a-detail
"листовые, пластики",руб.,172,"белый 9003 Grossbond 1,22х2,44 3/0,05",3440.00,л.,https://www.remex.ru/component/virtuemart/grossbond-sverhtonkiy-sloj-detail
"листовые, пластики",руб.,173,"белый 9003 Grossbond 1,22х2,44 3/0,1",3990.40,л.,https://www.remex.ru/component/virtuemart/grossbond-sverhtonkiy-sloj-detail
"листовые, пластики",руб.,174,"АКП REXBOND 3х1220х4000 мм (al 0,21)",7208.82,л.,https://www.remex.ru/component/virtuemart/rexbond-detail
"листовые, пластики",руб.,175,"АКП REXBOND 3х1500х4000 мм (al 0,21)",8863.13,л.,https://www.remex.ru/component/virtuemart/rexbond-detail
"листовые, пластики",руб.,176,"2440х1220х3 ""день/ночь"" CH P9T26 REXGLASS GS",9687.00,л.,https://www.remex.ru/component/virtuemart/orgsteklo-den-noch-detail
"листовые, пластики",руб.,177,"АКП GROSSBOND 3х1220х4000 мм (al 0,21)",9019.00,л.,https://www.remex.ru/component/virtuemart/grossbond-detail
"листовые, пластики",руб.,178,"АКП GROSSBOND 3х1220х4000 мм (al 0,30)",10797.00,л.,https://www.remex.ru/component/virtuemart/grossbond-detail
"листовые, пластики",руб.,179,"АКП GROSSBOND 3х1500х4000 мм (al 0,21)",11088.00,л.,https://www.remex.ru/component/virtuemart/grossbond-detail
"листовые, пластики",руб.,180,"АКП GROSSBOND 3х1500х4000 мм (al 0,30)",13276.00,л.,https://www.remex.ru/component/virtuemart/grossbond-detail
"листовые, пластики",руб.,181,"АКП GROSSBOND 3х1500х6000 мм (al 0,21)",16632.00,л.,https://www.remex.ru/component/virtuemart/grossbond-detail
"листовые, пластики",руб.,182,2440х1220х3 зерк.серебро CH REXGLASS XT,10627.48,л.,https://www.remex.ru/component/virtuemart/zerkalnoe-orgsteklo-rexglass-detail
"листовые, пластики",руб.,183,2440х1220х3 зерк.золото CH REXGLASS XT,10627.48,л.,https://www.remex.ru/component/virtuemart/zerkalnoe-orgsteklo-rexglass-detail
"листовые, пластики",руб.,184,3050х2030х3 ПММА черный 9001 GS,17922.00,л.,https://www.remex.ru/component/virtuemart/orgsteklo-color-pmma-detail
"листовые, пластики",руб.,185,3050х2030х3 ПММА красный 3% 3025 GS,17922.00,л.,https://www.remex.ru/component/virtuemart/orgsteklo-color-pmma-detail
"листовые, пластики",руб.,186,3050х2030х3 ПММА красный 2% 3570 XT,17922.00,л.,https://www.remex.ru/component/virtuemart/orgsteklo-color-pmma-detail
"листовые, пластики",руб.,187,3050х2030х3 ПММА синий 5% 5870 XT,17922.00,л.,https://www.remex.ru/component/virtuemart/orgsteklo-color-pmma-detail
"листовые, пластики",руб.,188,3050х2030х3 ПММА оранжевый 6% 2170 XT,17922.00,л.,https://www.remex.ru/component/virtuemart/orgsteklo-color-pmma-detail
"листовые, пластики",руб.,189,3050х2030х3 ПММА зеленый 8% 6001 GS,17922.00,л.,https://www.remex.ru/component/virtuemart/orgsteklo-color-pmma-detail
"листовые, пластики",руб.,190,3050х2030х3 ПММА желтый 22% 1870 XT,17922.00,л.,https://www.remex.ru/component/virtuemart/orgsteklo-color-pmma-detail
"листовые, пластики",руб.,191,"Оргстекло ПЛАЗКРИЛ 3050х2050х1,5 мм прозр.",6492.00,л.,https://www.remex.ru/component/virtuemart/ekstruzionnoe-orgsteklo-plazkril-plazcryl-rossiya-detail
"листовые, пластики",руб.,192,"3000х2000х6мм EK мат., ППС 0,5 двухст.",3260.00,л.,https://www.remex.ru/component/virtuemart/sendvich-panel-detail
"листовые, пластики",руб.,193,"3000х2000х10мм EK мат., ППС 0,5",3260.00,л.,https://www.remex.ru/component/virtuemart/sendvich-panel-detail
"листовые, пластики",руб.,194,"3000х2000х10мм EK мат., ППС 0,5 двухст.",3683.80,л.,https://www.remex.ru/component/virtuemart/sendvich-panel-detail
"листовые, пластики",руб.,195,ПВХ UNEXT color 3050х1560х3 мм STRONG,5903.00,л.,https://www.remex.ru/component/virtuemart/listovoj-pvkh-unext-color-detail
"листовые, пластики",руб.,196,ПВХ UNEXT black 3050х1560х5 мм STRONG,9503.00,л.,https://www.remex.ru/component/virtuemart/listovoj-pvkh-unext-color-detail
"листовые, пластики",руб.,197,ПВХ белый PRAGMATIC 3050х2030х2 мм,2578.00,л.,https://www.remex.ru/component/virtuemart/foam-pvc-374-detail
"листовые, пластики",руб.,198,ПВХ белый PRAGMATIC 3050х2030х3 мм,3475.00,л.,https://www.remex.ru/component/virtuemart/foam-pvc-374-detail
"листовые, пластики",руб.,199,ПВХ белый PRAGMATIC 3050х2030х4 мм,4723.00,л.,https://www.remex.ru/component/virtuemart/foam-pvc-374-detail
"листовые, пластики",руб.,200,ПВХ белый PRAGMATIC 3050х2030х5 мм,5670.00,л.,https://www.remex.ru/component/virtuemart/foam-pvc-374-detail
"листовые, пластики",руб.,201,ПВХ белый PRAGMATIC 3050х2030х6 мм,6842.00,л.,https://www.remex.ru/component/virtuemart/foam-pvc-374-detail
"листовые, пластики",руб.,202,ПВХ белый PRAGMATIC 3050х2030х8 мм,9489.00,л.,https://www.remex.ru/component/virtuemart/foam-pvc-374-detail
"листовые, пластики",руб.,203,ПВХ белый PRAGMATIC 3050х2030х10 мм,11884.00,л.,https://www.remex.ru/component/virtuemart/foam-pvc-374-detail
"листовые, пластики",руб.,204,ПВХ белый PATRIOT 3050х2030х3 мм,2966.00,л.,https://www.remex.ru/component/virtuemart/pvc-patriot-detail
"листовые, пластики",руб.,205,ПВХ белый PATRIOT 3050х2030х4 мм,3955.00,л.,https://www.remex.ru/component/virtuemart/pvc-patriot-detail
"листовые, пластики",руб.,206,ПВХ белый PATRIOT 3050х2030х5 мм,4943.00,л.,https://www.remex.ru/component/virtuemart/pvc-patriot-detail
"листовые, пластики",руб.,207,АКЦИЯ - ПВХ белый UNEXT 3050х2030х2 мм FRESH,2811.00,л.,https://www.remex.ru/component/virtuemart/listovoj-pvkh-unext-fresh-detail
"листовые, пластики",руб.,208,АКЦИЯ - ПВХ белый UNEXT 3050х2030х3 мм FRESH,3798.00,л.,https://www.remex.ru/component/virtuemart/listovoj-pvkh-unext-fresh-detail
"листовые, пластики",руб.,209,АКЦИЯ - ПВХ белый UNEXT 3050х2030х4 мм FRESH,5156.00,л.,https://www.remex.ru/component/virtuemart/listovoj-pvkh-unext-fresh-detail
"листовые, пластики",руб.,210,АКЦИЯ - ПВХ белый UNEXT 3050х2030х5 мм FRESH,6081.00,л.,https://www.remex.ru/component/virtuemart/listovoj-pvkh-unext-fresh-detail
"листовые, пластики",руб.,211,АКЦИЯ - ПВХ белый UNEXT 3050х2030х6 мм FRESH,7488.00,л.,https://www.remex.ru/component/virtuemart/listovoj-pvkh-unext-fresh-detail
"листовые, пластики",руб.,212,АКЦИЯ - ПВХ белый UNEXT 3050х2030х8 мм FRESH,10397.00,л.,https://www.remex.ru/component/virtuemart/listovoj-pvkh-unext-fresh-detail
"листовые, пластики",руб.,213,АКЦИЯ - ПВХ белый UNEXT 3050х2030х10 мм FRESH,13012.00,л.,https://www.remex.ru/component/virtuemart/listovoj-pvkh-unext-fresh-detail
Бумага,руб.,214,"Фотобумага 220 NR (1,07; 1,27; 1,52 х 30 м) мат.белая",281.21,м,https://www.remex.ru/component/virtuemart/fotobumaga-detail
пленка,руб.,215,"Пленка ORAMASK 810 (1; 1,26 м) трафаретная",513.58,м,https://www.remex.ru/component/virtuemart/oramask-810-detail
пленка,руб.,216,"Винил без клея черный 0,4мм (0,62 м)",280.00,пог. м,https://www.remex.ru/component/virtuemart/chernyj-magnitnyj-vinil-s-kleem-bez-kleya-detail
пленка,руб.,217,"Винил без клея черный 0,7мм (0,62 м)",580.00,пог. м,https://www.remex.ru/component/virtuemart/chernyj-magnitnyj-vinil-s-kleem-bez-kleya-detail
пленка,руб.,218,"Винил с клеем черный 0,4мм (0,62 м)",590.00,пог. м,https://www.remex.ru/component/virtuemart/chernyj-magnitnyj-vinil-s-kleem-bez-kleya-detail
пленка,руб.,219,"Винил для печати белый 0,35-0,4мм (0,62 м)",490.00,пог. м,https://www.remex.ru/component/virtuemart/magnitnyj-vinil-detail
пленка,руб.,220,"70 RA (970 1,52х25)",3935.23,пог. м,https://www.remex.ru/component/virtuemart/oracal-970-ra-detail
пленка,руб.,221,"70м RA (970 1,52х25)",3935.23,пог. м,https://www.remex.ru/component/virtuemart/oracal-970-ra-detail
пленка,руб.,222,"Ферропленка FF-SP370 (1,27 х 50 м)",445.00,пог. м,https://www.remex.ru/component/virtuemart/ferroplenka-detail
пленка,руб.,223,"Ферропленка MG-820UV (1,27 х 50 м)",465.54,пог. м,https://www.remex.ru/component/virtuemart/ferroplenka-detail
пленка,руб.,224,"Пленка PET BL лам 200 гр, 150 мкм (1,07; 1,27 х 50 м)",216.31,м,https://www.remex.ru/component/virtuemart/pet-backlit-detail
пленка,руб.,225,"Пленка PET BL лам 200 гр, 150 мкм (1,52 х 50 м)",228.54,м,https://www.remex.ru/component/virtuemart/pet-backlit-detail
пленка,руб.,226,"Пленка PET BL лам 280гр, 210мкм (1,07; 1,27 х 50 м)",246.41,м,https://www.remex.ru/component/virtuemart/pet-backlit-detail
пленка,руб.,227,"Пленка PET BL лам 280гр, 210мкм (1,52 х 50 м)",244.53,м,https://www.remex.ru/component/virtuemart/pet-backlit-detail
пленка,руб.,228,"Пленка д/печати SAV100 с черн. клеем (1,27; 1,52 м)",168.35,м,https://www.remex.ru/component/virtuemart/sav-chernyj-klej-detail
пленка,руб.,229,"Пленка перфорированная SAV120 (1,27; 1,37; 1,52 м)",202.20,м,https://www.remex.ru/component/virtuemart/sav_one_way-detail
пленка,руб.,230,"Пленка ORAMASK 831 (1; 1,26 м) д/пескоструйн. обр.",793.90,м,https://www.remex.ru/component/virtuemart/oramask-831-detail
пленка,руб.,231,Пленка ORALUX 9300 светонакопительная,5318.13,м,https://www.remex.ru/component/virtuemart/9300-detail
пленка,руб.,232,"Пленка ФЭС-24 светонакопительная  (0,61 м)",1373.00,пог. м,https://www.remex.ru/component/virtuemart/fes-24-detail
пленка,руб.,233,"Пленка NT 3100 светоотражающая (1,24 м)",477.77,пог. м,https://www.remex.ru/component/virtuemart/3100-detail
пленка,руб.,234,"Пленка NT 3300 светоотражающая для печати (1,24 м)",524.79,пог. м,https://www.remex.ru/component/virtuemart/3300-pod-pechat-detail
пленка,руб.,235,"Пленка ORACAL 8810 (1; 1,26 м)",2201.35,м,https://www.remex.ru/component/virtuemart/8810-detail
пленка,руб.,236,"Пленка ORACAL 951 цветная (1,26 м)",1676.00,м,https://www.remex.ru/component/virtuemart/oracal-951-detail
пленка,руб.,237,"Пленка ORACAL 951 000/010/070 (1,26 м)",1411.37,м,https://www.remex.ru/component/virtuemart/oracal-951-detail
пленка,руб.,238,"Пленка ORACAL 951 метал. (1,26 м)",1806.36,м,https://www.remex.ru/component/virtuemart/oracal-951-detail
пленка,руб.,239,"Пленка ORACAL 8510 (1; 1,26 м)",1505.46,м,https://www.remex.ru/component/virtuemart/oracal-8510-detail
пленка,руб.,240,"Пленка ORACAL 551 цветная (1; 1,26 м)",1018.34,м,https://www.remex.ru/component/virtuemart/oracal-551-detail
пленка,руб.,241,"Пленка ORACAL 551 101/102/701/702 (1; 1,26 м)",887.99,м,https://www.remex.ru/component/virtuemart/oracal-551-detail
пленка,руб.,242,"Пленка ORACAL 6510 (1; 1,26 м)",1725.01,м,https://www.remex.ru/component/virtuemart/oracal6510-detail
пленка,руб.,243,Каталог 6510/7510,368.52,шт,https://www.remex.ru/component/virtuemart/oracal6510-detail
пленка,руб.,244,"Пленка ORAGUARD 270 ламинирующая (1,52 х 50 м)",1182.02,м,https://www.remex.ru/component/virtuemart/oraguard-270-detail
пленка,руб.,245,"Пленка ORAGUARD 215 ламинирующая (1,37; 1,55 х 50 м)",572.39,м,https://www.remex.ru/component/virtuemart/oraguard-215-detail
пленка,руб.,246,"Пленка ORAGUARD 255 AS ламинирующая (1,4 х 50 м)",1487.82,м,https://www.remex.ru/component/virtuemart/oraguard-255-as-detail
пленка,руб.,247,"АКЦИЯ - Пленка LAM 180 для напол.лам. 00м (1,07; 1,27; 1,37; 1,52 м)",214.43,м,https://www.remex.ru/component/virtuemart/tav-napolnaya-detail
пленка,руб.,248,"Пленка LAM 55 д/ламинации (1,07; 1,27; 1,37; 1,52 x 50 м)",83.70,м,https://www.remex.ru/component/virtuemart/tav-detail
пленка,руб.,249,"Пленка LAM 80 д/ламинации (1,07; 1,27; 1,37; 1,52 x 50 м)",113.80,м,https://www.remex.ru/component/virtuemart/tav-detail
пленка,руб.,250,"DSA-10P/4040D 60 двусторонняя (1,27 м)",310.36,м,https://www.remex.ru/component/virtuemart/dsa-10p-4040d-detail
пленка,руб.,251,"Двусторонняя пленка Orabond 4040D (1,05 м)",529.26,пог. м,https://www.remex.ru/component/virtuemart/orabond-4040d-detail
пленка,руб.,252,"Пленка МТ-52 (0,5; 1 м) монтажная",179.36,м,https://www.remex.ru/component/virtuemart/oratape-mt-52-detail
пленка,руб.,253,"Пленка МТ-80Р (1; 1,26 м) монтажная",407.73,м,https://www.remex.ru/component/virtuemart/oratape-mt-80-p-detail
пленка,руб.,254,"Пленка МТ-95 (0,5; 1; 1,22 м) монтажная",209.75,м,https://www.remex.ru/component/virtuemart/oratape-mt-95-detail
пленка,руб.,255,"H-Vinyl G голографическая (1,27 м)",325.41,м,https://www.remex.ru/component/virtuemart/golograficheskaja-plenka-h-vinil-detail
пленка,руб.,256,"Пленка ORACAL 352, цвет 001 (23 мкм)",597.87,м,https://www.remex.ru/component/virtuemart/oracal-352-detail
пленка,руб.,257,"Пленка ORACAL 352, цвет 002 (23 мкм)",727.25,м,https://www.remex.ru/component/virtuemart/oracal-352-detail
пленка,руб.,258,"Пленка ORACAL 352, цвет 003 (23 мкм)",723.33,м,https://www.remex.ru/component/virtuemart/oracal-352-detail
пленка,руб.,259,"Пленка ORACAL 352, цвет 901 (50 мкм)",807.62,м,https://www.remex.ru/component/virtuemart/oracal-352-detail
пленка,руб.,260,"Пленка ORACAL 352, цвет 907 (50 мкм)",1296.70,м,https://www.remex.ru/component/virtuemart/oracal-352-detail
пленка,руб.,261,"Пленка ORACAL 352, цвет 911 (двуст.зол.; 23 мкм)",925.23,м,https://www.remex.ru/component/virtuemart/oracal-352-detail
пленка,руб.,262,"Пленка ORACAL 352, цвет 912 (двуст.зол.; 50 мкм)",1134.98,м,https://www.remex.ru/component/virtuemart/oracal-352-detail
пленка,руб.,263,Каталог 352,368.52,шт,https://www.remex.ru/component/virtuemart/oracal-352-detail
пленка,руб.,264,"REXCOLOR металлизированная зерк. (1,22 м)",389.36,м,https://www.remex.ru/component/virtuemart/rexcolor-metallizirovannaja-detail
пленка,руб.,265,"Пленка ORACAL 8300 (1; 1,26 м)",737.05,м,https://www.remex.ru/component/virtuemart/oracal8300-detail
пленка,руб.,266,Веер 8300/6510/8510/8810,2450.30,шт,https://www.remex.ru/component/virtuemart/oracal8300-detail
пленка,руб.,267,Каталог 8300,368.52,шт,https://www.remex.ru/component/virtuemart/oracal8300-detail
пленка,руб.,268,"Пленка TRANSLUCENT белая (1,22 м)",564.29,м,https://www.remex.ru/component/virtuemart/translucencet-detail
пленка,руб.,269,"Пленка ORACAL 8500 (1; 1,26 м)",1010.50,м,https://www.remex.ru/component/virtuemart/oracal8500-detail
пленка,руб.,270,"Пленка ORACAL 8100 (1,26 м) - под заказ",960.52,м,https://www.remex.ru/component/virtuemart/oracal8500-detail
пленка,руб.,271,Веер 970,2586.53,шт,https://www.remex.ru/component/virtuemart/oracal8500-detail
пленка,руб.,272,Веер 8500/8800,1960.24,шт,https://www.remex.ru/component/virtuemart/oracal8500-detail
пленка,руб.,273,Каталог 8500,368.52,шт,https://www.remex.ru/component/virtuemart/oracal8500-detail
пленка,руб.,274,"Пленка REXCOLOR цветная (1,22 м)",221.95,м,https://www.remex.ru/component/virtuemart/rexcolor-detail
пленка,руб.,275,"АКЦИЯ - пленка REXCOLOR метал. (1,22 м)",237.00,м,https://www.remex.ru/component/virtuemart/rexcolor-detail
пленка,руб.,276,"Пленка ORAJET 3620 д/печати (1,05; 1,26; 1,37; 1,52 х 50 м)",212.69,м,https://www.remex.ru/component/virtuemart/orajet-3620-detail
пленка,руб.,277,"Пленка ORACAL 640 (1; 1,26 х 50 м)",197.00,м,https://www.remex.ru/component/virtuemart/oracal-640-detail
пленка,руб.,278,"Пленка ORACAL 620 (1; 1,26 х 50 м)",197.00,м,https://www.remex.ru/component/virtuemart/oracal-620-detail
пленка,руб.,279,"Пленка ORACAL 641 белая, прозрачная (1; 1,26 м)",356.76,м,https://www.remex.ru/component/virtuemart/oracal641-detail
пленка,руб.,280,"Пленка ORACAL 641 цветная (1; 1,26 м)",488.10,м,https://www.remex.ru/component/virtuemart/oracal641-detail
пленка,руб.,281,"Пленка ORACAL 641 мет. 90-92 (1; 1,26 м)",526.32,м,https://www.remex.ru/component/virtuemart/oracal641-detail
пленка,руб.,282,Веер 641,1646.60,шт,https://www.remex.ru/component/virtuemart/oracal641-detail
пленка,руб.,283,Каталог 641 (глянцевые),368.52,шт,https://www.remex.ru/component/virtuemart/oracal641-detail
пленка,руб.,284,Каталог 641 (матовые),368.52,шт,https://www.remex.ru/component/virtuemart/oracal641-detail
пленка,руб.,285,"АКЦИЯ - VM212D легкосъем. с точечным клеем д/печати (1,27 х 50 м)",255.81,м,https://www.remex.ru/component/virtuemart/plenka-s-tochechnym-kleem-detail
пленка,руб.,286,"REXJET 140х80 легкосъем. белая д/печати (1,27 х 50 м)",150.48,м,https://www.remex.ru/component/virtuemart/rexjet-legkosjomnaja-detail
пленка,руб.,287,"REXJET 140х100 легкосъем. белая д/печати (1,27 х 50 м)",165.53,м,https://www.remex.ru/component/virtuemart/rexjet-legkosjomnaja-detail
пленка,руб.,288,"REXJET 140х100 белая д/печати (1,06; 1,27; 1,37; 1,52 х 50 м)",140.13,м,https://www.remex.ru/component/virtuemart/rexjet-100-detail
пленка,руб.,289,"REXJET 120х80 прозр. д/печати (1,06;1,27;1,37;1,52 х 50м)",111.92,м,https://www.remex.ru/component/virtuemart/rexjet-detail
пленка,руб.,290,"REXJET 120х80 белая д/печати (1,06;1,27;1,37;1,52 х 50м)",108.16,м,https://www.remex.ru/component/virtuemart/rexjet-detail
пленка,руб.,291,"GLP 120х80 белая д/печати (1,06;1,27;1,37;1,52 х 50м)",133.00,м,https://www.remex.ru/component/virtuemart/rexjet-detail
пленка,руб.,292,"Пленка ORAJET 3640 д/печати (1; 1,05; 1,26; 1,37; 1,52; 1,6; 2 х 50 м)",212.69,м,https://www.remex.ru/component/virtuemart/3640-detail
пленка,руб.,293,"REXJET Plus 120х80 белая д/печати (1,06;1,27;1,37;1,52 х 50м)",129.79,м,https://www.remex.ru/component/virtuemart/rexjet-plus-detail
пленка,руб.,294,"АКЦИЯ - Пленка SAV HQ 80 (1,06; 1,27 х 50 м)",131.67,м,https://www.remex.ru/component/virtuemart/sav-hq-premium-detail
пленка,руб.,295,"Rexcolor FR цветная (1,26 м)",314.62,м,https://www.remex.ru/component/virtuemart/rexcolor_fr-detail
пленка,руб.,296,"Пленка REXTAPE S монтажная (0,6; 1 м)",140.13,м,https://www.remex.ru/component/virtuemart/rextape-detail
пленка,руб.,297,"Пленка REXTAPE монтажная (0,5; 1 м)",140.13,м,https://www.remex.ru/component/virtuemart/rextape-detail
пленка,руб.,298,"Пленка ORAMASK 811 (1; 1,26 м) трафаретная",376.37,м,https://www.remex.ru/component/virtuemart/oramask-811-detail
"Инструменты, крепёж",руб.,299,Лезвия 13(16)мм двустор. PB-800 3шт (к OL-PC-L),794.30,пачка,https://www.remex.ru/component/virtuemart/lezviya-13-16-mm-dvustoronnie-p-800-3sht-k-pc-l-detail
"Инструменты, крепёж",руб.,300,"Резак OLFA OL-PC-L 13мм д/пластика, 3 лезвия",2095.60,шт,https://www.remex.ru/component/virtuemart/nozh-olfa-dlya-plastika-usilennyj-s-3-mya-lezviyami-pc-l-detail
"Инструменты, крепёж",руб.,301,Лезвия 6мм OL-KB 25шт (к OL-AK-1/5B),794.30,пачка,https://www.remex.ru/component/virtuemart/lezvie-perovoe-olfa-kb-detail
"Инструменты, крепёж",руб.,302,"Нож OLFA OL-AK-1/5B 6мм, перо",912.60,шт,https://www.remex.ru/component/virtuemart/nozh-s-perovym-lezviem-olfa-ak-1-5b-detail
"Инструменты, крепёж",руб.,303,Лезвия 9мм OL-ABB-10B черные 10шт (к OL-A-5),540.80,пачка,https://www.remex.ru/component/virtuemart/lezvie-black-max-olfa-abb-10b-detail
"Инструменты, крепёж",руб.,304,Нож OLFA OL-A-5 Autolock 9мм,1030.90,шт,https://www.remex.ru/component/virtuemart/nozh-olfa-a-5-autolock-detail
"Инструменты, крепёж",руб.,305,Лезвия 18мм OL-LBB-10B черные 10шт (к OL-L),1081.60,пачка,https://www.remex.ru/component/virtuemart/lezvie-black-max-olfa-lbb-10b-detail
"Инструменты, крепёж",руб.,306,Лезвия 18мм OL-LBD-10 10шт (к OL-L),997.10,пачка,https://www.remex.ru/component/virtuemart/lezvie-segmentirovannoe-olfa-lbd-10-detail
"Инструменты, крепёж",руб.,307,"Нож OLFA OL-L-2 18мм, выдвижной, с прокладкой",1757.60,шт,https://www.remex.ru/component/virtuemart/ergonomichnyj-nozh-olfa-l-2-detail
"Инструменты, крепёж",руб.,308,"Нож OLFA OL-L-1 18мм, выдвижной",1656.20,шт,https://www.remex.ru/component/virtuemart/nozh-s-vydvizhnym-lezviem-olfa-l-1-detail
"Инструменты, крепёж",руб.,309,Лезвия 9мм OL-SAB-10B 10шт (к OL-SAC-1),1216.80,пачка,https://www.remex.ru/component/virtuemart/lezvie-dlya-graficheskikh-rabot-olfa-sab-10b-detail
"Инструменты, крепёж",руб.,310,Лезвия 9мм OL-AB-10B 10шт (к OL-SAC-1),692.90,пачка,https://www.remex.ru/component/virtuemart/lezvie-olfa-sab-10b-detail
"Инструменты, крепёж",руб.,311,"Нож OLFA OL-SAC-1 9мм, нерж.",1385.80,шт,https://www.remex.ru/component/virtuemart/standartnyj-nozh-olfa-sac-1-detail
"Инструменты, крепёж",руб.,312,Инструмент для уст. люверсов 10 и 12 мм,4380.00,шт,https://www.remex.ru/component/virtuemart/instrument-dlya-ustanovki-lyuversov-diametrom-detail
"Инструменты, крепёж",руб.,313,Перчатки трикотажные (10 пар),193.00,упак.,https://www.remex.ru/component/virtuemart/perchatki-trikotazh-detail
"Инструменты, крепёж",руб.,314,Лента малярная Ultima 50 мм x 50 м,176.00,шт,https://www.remex.ru/component/virtuemart/lenta-maljarnaja-ultima-detail
"Инструменты, крепёж",руб.,315,"Держатель рулона пластиковый, маленький S (d=83мм)",108.00,шт,https://www.remex.ru/component/virtuemart/derzhatel-rulona-detail
"Инструменты, крепёж",руб.,316,"Держатель рулона пластиковый, большой L (d=110мм)",108.00,шт,https://www.remex.ru/component/virtuemart/derzhatel-rulona-detail
"Инструменты, крепёж",руб.,317,"Скребок для чистки поверхности, малый",117.00,шт,https://www.remex.ru/component/virtuemart/skrebok-detail
"Инструменты, крепёж",руб.,318,"Скребок для чистки поверхности, большой",153.00,шт,https://www.remex.ru/component/virtuemart/skrebok-detail
"Инструменты, крепёж",руб.,319,"Ракель BANANA жесткий красный, 235 x 65мм",444.00,шт,https://www.remex.ru/component/virtuemart/rakel-banana-detail
"Инструменты, крепёж",руб.,320,Ракель RUBBER жесткий красн. со смен.вставк. 195мм,528.00,шт,https://www.remex.ru/component/virtuemart/rakel-rubber-detail
"Инструменты, крепёж",руб.,321,Ракель RUBBER мягкий розовый со смен.вставк. 195мм,528.00,шт,https://www.remex.ru/component/virtuemart/rakel-rubber-detail
"Инструменты, крепёж",руб.,322,Ракель RUBBER мягкий желтый со смен.вставк. 195мм,528.00,шт,https://www.remex.ru/component/virtuemart/rakel-rubber-detail
"Инструменты, крепёж",руб.,323,"Смен.вставки для RUBBER (силикон), 2 шт.",420.00,шт,https://www.remex.ru/component/virtuemart/rakel-rubber-detail
"Инструменты, крепёж",руб.,324,"CHIZZY ракель-выгонка, зеленый (мягкий)",110.00,шт,https://www.remex.ru/component/virtuemart/rakel-chizzy-detail
"Инструменты, крепёж",руб.,325,"CHIZZY ракель-выгонка, красный (средней жесткости)",110.00,шт,https://www.remex.ru/component/virtuemart/rakel-chizzy-detail
"Инструменты, крепёж",руб.,326,"CHIZZY ракель-выгонка, белый (жесткий)",110.00,шт,https://www.remex.ru/component/virtuemart/rakel-chizzy-detail
"Инструменты, крепёж",руб.,327,"Комплект CHIZZY ракелей-выгонок, 3 шт.",297.00,шт,https://www.remex.ru/component/virtuemart/rakel-chizzy-detail
"Инструменты, крепёж",руб.,328,Ракель фетровый ORAFOL,727.25,шт,https://www.remex.ru/component/virtuemart/myagkij-vojlochnyj-rakel-detail
"Инструменты, крепёж",руб.,329,Ракель серый ORAFOL,248.95,шт,https://www.remex.ru/component/virtuemart/rakel-detail
"Инструменты, крепёж",руб.,330,Ракель комбинированный ORAFOL,620.42,шт,https://www.remex.ru/component/virtuemart/kombinirovannyj-rakel-detail
Клей,руб.,331,Дист. держатели пластиковые 15; 20; 24; 30 мм,8.30,шт,https://www.remex.ru/component/virtuemart/plastikovye-distantsionnye-derzhateli-detail
Клей,руб.,332,Спрей-очист. для ПВХ №20 KUDO 650 мл KUPP06PVC20,316.00,шт,https://www.remex.ru/component/virtuemart/ochistitel-sprej-kudo-20-detail
Клей,руб.,333,Очист Akfix C104 200 мл для наклеек,345.00,шт,https://www.remex.ru/component/virtuemart/akfix-c-104-365-detail
Клей,руб.,334,Очиститель Космофен 20 (Cosmo CL-300.140) 1 литр,1172.50,шт,https://www.remex.ru/component/virtuemart/cosmofen-20-germaniya-detail
Клей,руб.,335,Очиститель Космофен 60 (Cosmo CL-300.150) 1 литр,1172.50,шт,https://www.remex.ru/component/virtuemart/cosmofen-60-germaniya-detail
Клей,руб.,336,Очиститель Космофен 10 (Cosmo CL-300.130) 1 литр,1347.50,шт,https://www.remex.ru/component/virtuemart/cosmofen-10-germaniya-detail
Клей,руб.,337,Очиститель Космофен 5 (Cosmo CL-300.110) 1 литр,1907.50,шт,https://www.remex.ru/component/virtuemart/cosmofen-5-germaniya-detail
Клей,руб.,338,Супер НН 1л,848.00,шт,https://www.remex.ru/component/virtuemart/super-nn-rossiya-detail
Клей,руб.,339,Akfix 900N клей-герметик силикон. д/зеркал 280 мл,539.00,шт,https://www.remex.ru/component/virtuemart/germetik-akfix-900n-dlya-zerkal-detail
Клей,руб.,340,Космофен для акрила (Cosmo SL-650.120) 180 гр.,915.43,шт,https://www.remex.ru/component/virtuemart/cosmo-sl-650_120-germaniya-detail
Клей,руб.,341,Космофен для ПВХ белый (Cosmo SL-660.220) 200гр.,498.88,шт,https://www.remex.ru/component/virtuemart/cosmofen-plus-hv-detail
Клей,руб.,342,Космофен для ПВХ прозр. (Cosmo SL-660.210) 200 гр.,498.88,шт,https://www.remex.ru/component/virtuemart/cosmofen-plus-hv-detail
Клей,руб.,343,Akfix 705 Активатор 200 мл,312.48,шт,https://www.remex.ru/component/virtuemart/akfix-705-aktivator-detail
Клей,руб.,344,Akfix 705 Активатор 400 мл,558.00,шт,https://www.remex.ru/component/virtuemart/akfix-705-aktivator-detail
Клей,руб.,345,клей-аэрозоль универс. KUDO 520 мл KU-H311,510.00,шт,https://www.remex.ru/component/virtuemart/universalnyj-aerozolnyj-klej-kudo-detail
Клей,руб.,346,A-TECH СА-12 20 гр.,160.00,шт,https://www.remex.ru/component/virtuemart/atech-ca-12-detail
Клей,руб.,347,A-TECH СА-12 50 гр.,336.00,шт,https://www.remex.ru/component/virtuemart/atech-ca-12-detail
Клей,руб.,348,Akfix 705 суперклей 100 гр.,355.00,шт,https://www.remex.ru/component/virtuemart/akfix-705-klej-aktivator-detail
Клей,руб.,349,Akfix 705 (65 гр клей+200 мл Активатор),338.00,шт,https://www.remex.ru/component/virtuemart/akfix-705-klej-aktivator-detail
Клей,руб.,350,Akfix 705 (100 гр клей+400 мл Активатор),642.20,шт,https://www.remex.ru/component/virtuemart/akfix-705-klej-aktivator-detail
Клей,руб.,351,Akfix 705 (125 гр клей+400 мл Активатор),676.00,шт,https://www.remex.ru/component/virtuemart/akfix-705-klej-aktivator-detail
Клей,руб.,352,Akfix 702 суперклей 25 гр.,177.50,шт,https://www.remex.ru/component/virtuemart/akfix-705-klej-aktivator-330-detail
Клейкие ленты,руб.,353,"Пузырчатая пленка 1,5 х 50 м",1570.00,шт,https://www.remex.ru/component/virtuemart/vozdushno-puzyrkovaja-plenka-detail
Клейкие ленты,руб.,354,"Стретч-пленка 500 мм х 155 м х 20 мкм 1,2 кг",547.30,шт,https://www.remex.ru/component/virtuemart/strejch-plenka-detail
Клейкие ленты,руб.,355,ADHESER 4ммх33м 1мм прозр.,434.20,шт,https://www.remex.ru/component/virtuemart/dvustoronnij-skotch-adheser-detail
Клейкие ленты,руб.,356,ADHESER 6ммх33м 1мм прозр.,668.00,шт,https://www.remex.ru/component/virtuemart/dvustoronnij-skotch-adheser-detail
Клейкие ленты,руб.,357,ADHESER 12ммх33м 1мм прозр.,1336.00,шт,https://www.remex.ru/component/virtuemart/dvustoronnij-skotch-adheser-detail
Клейкие ленты,руб.,358,Клейкая лента для упаковки 48 мм х 45 мкм х 66 м проз.,85.00,шт,https://www.remex.ru/component/virtuemart/skotch-upakovochnyj-detail
Клейкие ленты,руб.,359,ADHESER 4ммх50м 1мм белый,173.00,шт,https://www.remex.ru/component/virtuemart/adheser-dvukhstoronnyaya-lenta-na-vspenennoj-osnove-detail
Клейкие ленты,руб.,360,ADHESER 6ммх50м 1мм белый,259.50,шт,https://www.remex.ru/component/virtuemart/adheser-dvukhstoronnyaya-lenta-na-vspenennoj-osnove-detail
Клейкие ленты,руб.,361,ADHESER 9ммх50м 1мм белый,397.90,шт,https://www.remex.ru/component/virtuemart/adheser-dvukhstoronnyaya-lenta-na-vspenennoj-osnove-detail
Клейкие ленты,руб.,362,ADHESER 12ммх50м 1мм белый,536.30,шт,https://www.remex.ru/component/virtuemart/adheser-dvukhstoronnyaya-lenta-na-vspenennoj-osnove-detail
Клейкие ленты,руб.,363,ADHESER 15ммх10м 1мм белый,173.00,шт,https://www.remex.ru/component/virtuemart/adheser-dvukhstoronnyaya-lenta-na-vspenennoj-osnove-detail
Клейкие ленты,руб.,364,ADHESER 19ммх50м 1мм белый,821.75,шт,https://www.remex.ru/component/virtuemart/adheser-dvukhstoronnyaya-lenta-na-vspenennoj-osnove-detail
Клейкие ленты,руб.,365,ADHESER 25ммх50м 1мм белый,1081.25,шт,https://www.remex.ru/component/virtuemart/adheser-dvukhstoronnyaya-lenta-na-vspenennoj-osnove-detail
Клейкие ленты,руб.,366,"ADHESER 4ммх50м 0,2мм прозр.",256.00,шт,https://www.remex.ru/component/virtuemart/dvustoronnyaya-lenta-na-poliesterovoj-osnove-detail
Клейкие ленты,руб.,367,"ADHESER 6ммх50м 0,2мм прозр.",384.00,шт,https://www.remex.ru/component/virtuemart/dvustoronnyaya-lenta-na-poliesterovoj-osnove-detail
Клейкие ленты,руб.,368,"ADHESER 9ммх50м 0,2мм прозр.",640.00,шт,https://www.remex.ru/component/virtuemart/dvustoronnyaya-lenta-na-poliesterovoj-osnove-detail
Клейкие ленты,руб.,369,STOKVIS 4ммх50м 1мм белый,263.34,шт,https://www.remex.ru/component/virtuemart/dvustoronnij-skotch-stokvis-detail
профиль,руб.,370,Профиль ПВХ П-образн. 4 мм белый 3 м Россия,61.00,шт,https://www.remex.ru/component/virtuemart/profili-iz-pvkh-rossiya-detail
профиль,руб.,371,Профиль ПВХ П-образн. 6 мм белый 3 м Россия,92.00,шт,https://www.remex.ru/component/virtuemart/profili-iz-pvkh-rossiya-detail
профиль,руб.,372,Тюбинг алюмин.25х25х6000 мм,2299.00,шт,https://www.remex.ru/component/virtuemart/tyubing-detail
профиль,руб.,373,Т-обр. эл-т соединительный к тюбингу,104.00,шт,https://www.remex.ru/component/virtuemart/tyubing-detail
профиль,руб.,374,Г-обр. эл-т соединительный к тюбингу,104.00,шт,https://www.remex.ru/component/virtuemart/tyubing-detail
профиль,руб.,375,"Комплект (основа одност.+крышка) 3,1 м",1750.00,шт,https://www.remex.ru/component/virtuemart/sistema-profilej-frameled-dlya-svetovykh-korobov-detail
профиль,руб.,376,Пружина FL,7.00,шт,https://www.remex.ru/component/virtuemart/sistema-profilej-frameled-dlya-svetovykh-korobov-detail
профиль,руб.,377,Уголок FL,28.00,шт,https://www.remex.ru/component/virtuemart/sistema-profilej-frameled-dlya-svetovykh-korobov-detail
профиль,руб.,378,Профиль алюминиевый 90 х 6000 мм,1980.00,шт,https://www.remex.ru/component/virtuemart/alyuminievyj-profil-dlya-svetovykh-korobov-detail
профиль,руб.,379,Уголок к алюм. профилю 90 мм,56.00,шт,https://www.remex.ru/component/virtuemart/alyuminievyj-profil-dlya-svetovykh-korobov-detail
профиль,руб.,380,Профиль алюминиевый 130 х 6000 мм,3100.00,шт,https://www.remex.ru/component/virtuemart/alyuminievyj-profil-dlya-svetovykh-korobov-detail
профиль,руб.,381,Уголок к алюм. профилю 130 мм,125.00,шт,https://www.remex.ru/component/virtuemart/alyuminievyj-profil-dlya-svetovykh-korobov-detail
профиль,руб.,382,"Клик-профиль №25 (3 мм) матовый серый 3,1 м",745.00,шт,https://www.remex.ru/profil/alyuminievyj-zaschelkivayuschysya
профиль,руб.,383,Пружина к профилю №25,7.00,шт,https://www.remex.ru/profil/alyuminievyj-zaschelkivayuschysya
профиль,руб.,384,Уголок внутр. к профилю №25,28.00,шт,https://www.remex.ru/profil/alyuminievyj-zaschelkivayuschysya
профиль,руб.,385,"Клик-профиль №32 (1,5 мм) матовый серый 3,04 м",753.00,шт,https://www.remex.ru/profil/alyuminievyj-zaschelkivayuschysya
профиль,руб.,386,Уголок внутр. к профилю №32,47.00,шт,https://www.remex.ru/profil/alyuminievyj-zaschelkivayuschysya
профиль,руб.,387,Пружина к профилю №32,10.00,шт,https://www.remex.ru/profil/alyuminievyj-zaschelkivayuschysya
светодиоды,руб.,388,"АКЦИЯ - REXLIGHT лента 5 м, 2835, 300LED, 6Вт/м, 12В, 6000К, IP20",394.06,шт,https://www.remex.ru/component/virtuemart/svetodiodnye-lenty-detail
светодиоды,руб.,389,"АКЦИЯ - REXLIGHT лента 5 м, 2835, 600LED, 10Вт/м, 12В, 6000К, IP20",495.64,шт,https://www.remex.ru/component/virtuemart/svetodiodnye-lenty-detail
светодиоды,руб.,390,"REXLIGHT змейка 5 м, 2835, 300LED, 5Вт/м, 12, 6000К, IP20",510.68,шт,https://www.remex.ru/component/virtuemart/svetodiodnye-lenty-detail
Клейкие ленты,руб.,391,Двуст.лента ORABOND 1397PP 9 мм х 50 м,584.15,шт,https://www.remex.ru/component/virtuemart/dvustoronnij-skotch-orabond-1397-pp-orafol-detail
профиль,руб.,392,LNT белый плакатный профиль (3 м) Россия,275.00,шт,https://www.remex.ru/profil/plakatnyj
профиль,руб.,393,"Петля к плакатному профилю LNT (белая, черная)",10.00,шт,https://www.remex.ru/profil/plakatnyj
профиль,руб.,394,"Заглушка к плакатному профилю LNT (белая, черная)",10.00,шт,https://www.remex.ru/profil/plakatnyj
профиль,руб.,395,"JM золото матовое 01002, 02002 (аналог Nielsen)",375.00,шт,https://www.remex.ru/component/virtuemart/bagetnyj-alyuminievyj-profil-jm-detail
профиль,руб.,396,JM серебро матовое 01004 (аналог Nielsen),375.00,шт,https://www.remex.ru/component/virtuemart/bagetnyj-alyuminievyj-profil-jm-detail
профиль,руб.,397,JM серебро матовое 02004 (аналог Nielsen),375.00,шт,https://www.remex.ru/component/virtuemart/bagetnyj-alyuminievyj-profil-jm-detail
профиль,руб.,398,"JM глянец 01001, 01003, 02001, 02003 (аналог Nielsen)",990.00,шт,https://www.remex.ru/component/virtuemart/bagetnyj-alyuminievyj-profil-jm-detail
профиль,руб.,399,Уголок малый 51425 Россия new,25.50,шт,https://www.remex.ru/component/virtuemart/bagetnyj-alyuminievyj-profil-jm-detail
профиль,руб.,400,Пружина малая 51052 Россия,9.00,шт,https://www.remex.ru/component/virtuemart/bagetnyj-alyuminievyj-profil-jm-detail
профиль,руб.,401,Петля малая 51031 Россия,23.00,шт,https://www.remex.ru/component/virtuemart/bagetnyj-alyuminievyj-profil-jm-detail
светодиоды,руб.,402,LED-T 12B 25BT IP20,650.06,шт,https://www.remex.ru/component/virtuemart/bloki-pitaniya-otkrytye-detail
светодиоды,руб.,403,LED-T 12B 35BT IP20,729.82,шт,https://www.remex.ru/component/virtuemart/bloki-pitaniya-otkrytye-detail
светодиоды,руб.,404,LED-T 12B 60BT IP20,827.63,шт,https://www.remex.ru/component/virtuemart/bloki-pitaniya-otkrytye-detail
светодиоды,руб.,405,SLIM 12В 25ВТ IP20,400.00,шт,https://www.remex.ru/component/virtuemart/bloki-pitaniya-otkrytye-detail
светодиоды,руб.,406,SLIM 12В 60ВТ IP20,614.00,шт,https://www.remex.ru/component/virtuemart/bloki-pitaniya-otkrytye-detail
светодиоды,руб.,407,SLIM 12В 100ВТ IP20,850.00,шт,https://www.remex.ru/component/virtuemart/bloki-pitaniya-otkrytye-detail
светодиоды,руб.,408,SLIM 12В 150ВТ IP20,969.00,шт,https://www.remex.ru/component/virtuemart/bloki-pitaniya-otkrytye-detail
светодиоды,руб.,409,Instatica 12В 36ВТ IP67 метал,634.83,шт,https://www.remex.ru/component/virtuemart/bloki-pitaniya-detail
светодиоды,руб.,410,Instatica 12В 60ВТ IP67 метал,846.44,шт,https://www.remex.ru/component/virtuemart/bloki-pitaniya-detail
светодиоды,руб.,411,Instatica 12В 100ВТ IP67 метал,1340.19,шт,https://www.remex.ru/component/virtuemart/bloki-pitaniya-detail
светодиоды,руб.,412,Instatica 12В 150ВТ IP67 метал,1833.95,шт,https://www.remex.ru/component/virtuemart/bloki-pitaniya-detail
светодиоды,руб.,413,Instatica 12В 200ВТ IP67 метал,2327.70,шт,https://www.remex.ru/component/virtuemart/bloki-pitaniya-detail
светодиоды,руб.,414,Instatica 12В 300ВТ IP67 метал,2821.46,шт,https://www.remex.ru/component/virtuemart/bloki-pitaniya-detail
светодиоды,руб.,415,LED-T (DPV) 12В 60ВТ IP67 пласт.,1233.92,шт,https://www.remex.ru/component/virtuemart/bloki-pitaniya-detail
светодиоды,руб.,416,"LBY 3д белый 2835 0,72W 70lm Л ZE03QA1",25.39,шт,https://www.remex.ru/component/virtuemart/3-diodnyj-belyj-2835-s-linzoj-detail
светодиоды,руб.,417,LBY 3д белый 2835 1W 100lm Л ZE03BA7,27.27,шт,https://www.remex.ru/component/virtuemart/3-diodnyj-belyj-2835-s-linzoj-detail
светодиоды,руб.,418,"Instatica 3д белый 2835 0,8W 80lm Л",23.51,шт,https://www.remex.ru/component/virtuemart/3-diodnyj-belyj-2835-s-linzoj-detail
светодиоды,руб.,419,"Z3-2835 0,96W 124,8lm W7000К Л IP65",25.78,шт,https://www.remex.ru/component/virtuemart/3-diodnyj-belyj-2835-s-linzoj-detail
светодиоды,руб.,420,"Z3-2835 0,96W 124,8lm WW3000К Л IP65",25.78,шт,https://www.remex.ru/component/virtuemart/3-diodnyj-belyj-2835-s-linzoj-detail
светодиоды,руб.,421,"LBY 2д белый 2835 0,48W 45lm Л ZE02QA2",17.87,шт,https://www.remex.ru/component/virtuemart/2-diodnyj-belyj-s-linzoj-detail
светодиоды,руб.,422,"LBY 2д белый 2835 0,72W 70lm Л ZE02QAС",20.69,шт,https://www.remex.ru/component/virtuemart/2-diodnyj-belyj-s-linzoj-detail
светодиоды,руб.,423,"Instatica 2д белый 2835 0,8W 80lm Л",19.75,шт,https://www.remex.ru/component/virtuemart/2-diodnyj-belyj-s-linzoj-detail
светодиоды,руб.,424,"Z2-2835 0,72W 93,6lm W7000К Л IP65",21.66,шт,https://www.remex.ru/component/virtuemart/2-diodnyj-belyj-s-linzoj-detail
светодиоды,руб.,425,"Z2-2835 0,72W 93,6lm WW3000К Л IP65",21.66,шт,https://www.remex.ru/component/virtuemart/2-diodnyj-belyj-s-linzoj-detail
баннер,руб.,426,Люверсы оцинк. 10 мм (100 шт.) Россия,184.00,упак.,https://www.remex.ru/component/virtuemart/lyuversy-detail
баннер,руб.,427,Люверсы оцинк. 12 мм (100 шт.) Россия,242.00,упак.,https://www.remex.ru/component/virtuemart/lyuversy-detail
баннер,руб.,428,"Полипропилен PP140 (0,914; 1,067; 1,27  х 50 м)",202.20,м,https://www.remex.ru/component/virtuemart/polipropilenovyj-banner-detail
баннер,руб.,429,"Сетка с/п REXPRINT ас 330 гр 1000х1000 9х9 (1,6; 3,2 х 50 м)",164.58,м,https://www.remex.ru/component/virtuemart/bannernaya-setka-detail
баннер,руб.,430,"Сетка с/п GLP 290гр (190/100) 840х840 9х9 (3,2 х 50 м)",162.00,м,https://www.remex.ru/component/virtuemart/bannernaya-setka-detail
баннер,руб.,431,"Баннер REXPRINT DP 440 BACKLIT лам (1,6; 3,2 х 50 м)",138.25,м,https://www.remex.ru/component/virtuemart/bannernaya-tkan-translyutsentnaya-backlit-detail
баннер,руб.,432,"АКЦИЯ - Баннер REXPRINT 280 лам 200х300 18х12 (3,2 х 50 м)",68.66,м,https://www.remex.ru/component/virtuemart/bannernaya-tkan-frontlit-rexprint-2c-kitaj-detail
баннер,руб.,433,"АКЦИЯ - Баннер REXPRINT 310 лам 200х300 18х12 (1,6; 3,2 х 50 м)",74.30,м,https://www.remex.ru/component/virtuemart/bannernaya-tkan-frontlit-rexprint-2c-kitaj-detail
баннер,руб.,434,"АКЦИЯ - Баннер REXPRINT 340 лам 200х300 18х12 (1,6; 3,2 х 50 м)",79.94,м,https://www.remex.ru/component/virtuemart/bannernaya-tkan-frontlit-rexprint-2c-kitaj-detail
баннер,руб.,435,"АКЦИЯ - Баннер REXPRINT 410 лам 500х500 9х9 (от 1,06 до 3,2х50м)",96.87,м,https://www.remex.ru/component/virtuemart/bannernaya-tkan-frontlit-rexprint-2c-kitaj-detail
баннер,руб.,436,"АКЦИЯ - Баннер REXPRINT 440 лам 300х500 18х12 (от 1,06 до 3,2 х 50 м)",100.63,м,https://www.remex.ru/component/virtuemart/bannernaya-tkan-frontlit-rexprint-2c-kitaj-detail
баннер,руб.,437,"Баннер REXPRINT DP 440лам 300х500 18х12 (от 1,06 до 3,2х50м)",109.10,м,https://www.remex.ru/component/virtuemart/bannernaya-tkan-frontlit-rexprint-2c-kitaj-detail
